image,sha256,source,status,reviewer,notes,warm,cool,monochrome,dark,bright,low-contrast,high-contrast,landscape-orientation,portrait-orientation,square-orientation
204p_0001.jpg,6d284bf1:754df7ce:5565f4d9:009a92ed:fc21a6f5:7b623e3b:c3bbe2af:5f483ed6,PhotoArt50/204.sunflower revision c5f6bc1736607862290b5e2b3cc7522e20d0499f,pending,,,?,?,?,?,?,?,?,?,?,?
204p_0002.jpg,c7f5aea0:313ce33e:a2c03aed:97af9040:f2881a3b:a4aefa07:f88f0f9c:52193de5,PhotoArt50/204.sunflower revision c5f6bc1736607862290b5e2b3cc7522e20d0499f,pending,,,?,?,?,?,?,?,?,?,?,?
204p_0003.jpg,70ea5cee:3607de8b:2b2cc5ba:25f92248:f6722fe0:47ce56c2:d538fd54:2fd059ce,PhotoArt50/204.sunflower revision c5f6bc1736607862290b5e2b3cc7522e20d0499f,pending,,,?,?,?,?,?,?,?,?,?,?
204p_0004.jpg,0ff64ab2:2768b5dd:cd040f50:428211c6:54d48231:60c4ac4a:dd5ec137:7cfe8a06,PhotoArt50/204.sunflower revision c5f6bc1736607862290b5e2b3cc7522e20d0499f,pending,,,?,?,?,?,?,?,?,?,?,?
204p_0005.jpg,78e47d22:69094b22:07c3e59c:21fe709c:8f44b9e8:ae0d1102:6281f5d6:878282f8,PhotoArt50/204.sunflower revision c5f6bc1736607862290b5e2b3cc7522e20d0499f,pending,,,?,?,?,?,?,?,?,?,?,?
204p_0006.jpg,7e902ac4:012ef1ac:88803086:58a4326e:d7075d02:933c88d1:58b25337:bde44e75,PhotoArt50/204.sunflower revision c5f6bc1736607862290b5e2b3cc7522e20d0499f,pending,,,?,?,?,?,?,?,?,?,?,?
204p_0007.jpg,51dc2883:016f2619:c9964c33:69a11703:38bad165:83dd9b67:56334735:a4c26a1b,PhotoArt50/204.sunflower revision c5f6bc1736607862290b5e2b3cc7522e20d0499f,pending,,,?,?,?,?,?,?,?,?,?,?
204p_0008.jpg,68757265:ca9a57c9:4a04b123:cd184790:59dce7b5:6a4f653d:cb468e3d:4cdb9bee,PhotoArt50/204.sunflower revision c5f6bc1736607862290b5e2b3cc7522e20d0499f,pending,,,?,?,?,?,?,?,?,?,?,?
204p_0009.jpg,6f633142:b67256d4:d2f475c2:32558cfc:c2b19ead:d29e39d7:cbd5335f:90759689,PhotoArt50/204.sunflower revision c5f6bc1736607862290b5e2b3cc7522e20d0499f,pending,,,?,?,?,?,?,?,?,?,?,?
204p_0010.jpg,7c6c1388:fc146c8f:63c41d87:6b1bc333:1560e942:25700d8e:32e4a811:a43f2e80,PhotoArt50/204.sunflower revision c5f6bc1736607862290b5e2b3cc7522e20d0499f,pending,,,?,?,?,?,?,?,?,?,?,?
204p_0011.jpg,99c644c0:7fdc6c1b:4a9b5e28:fef817db:64c1bf8b:f8c5c036:5b95163a:21a91e7d,PhotoArt50/204.sunflower revision c5f6bc1736607862290b5e2b3cc7522e20d0499f,pending,,,?,?,?,?,?,?,?,?,?,?
204p_0012.jpg,5573903f:b4c94ce7:b0b22d6c:38f997c7:01f9a327:2ef06cb9:b64760da:ac5a7582,PhotoArt50/204.sunflower revision c5f6bc1736607862290b5e2b3cc7522e20d0499f,pending,,,?,?,?,?,?,?,?,?,?,?
204p_0013.jpg,ec3645ef:06003ece:bcb28eb2:ee9d30d4:58dbe2ea:52e0fee7:5c15752d:f3ee688e,PhotoArt50/204.sunflower revision c5f6bc1736607862290b5e2b3cc7522e20d0499f,pending,,,?,?,?,?,?,?,?,?,?,?
204p_0014.jpg,a59b1d2d:89752a35:2c6f042a:681fa7a2:9e255a7e:7b68c7f1:ddf90806:2963927c,PhotoArt50/204.sunflower revision c5f6bc1736607862290b5e2b3cc7522e20d0499f,pending,,,?,?,?,?,?,?,?,?,?,?
204p_0015.jpg,bbf5b222:0912eab3:700258c8:cc43e444:9d91478b:6c3fb6b5:8962f0a1:e83b2700,PhotoArt50/204.sunflower revision c5f6bc1736607862290b5e2b3cc7522e20d0499f,pending,,,?,?,?,?,?,?,?,?,?,?
204p_0016.jpg,3e01c1b2:33b008eb:cba6edc4:e35853df:b4b63647:e942f163:d79573c6:24003232,PhotoArt50/204.sunflower revision c5f6bc1736607862290b5e2b3cc7522e20d0499f,pending,,,?,?,?,?,?,?,?,?,?,?
204p_0017.jpg,0d0c3b23:4f035a3e:1ebdc50d:cef3a547:1cb24efa:4d4362de:f461cda0:176593a3,PhotoArt50/204.sunflower revision c5f6bc1736607862290b5e2b3cc7522e20d0499f,pending,,,?,?,?,?,?,?,?,?,?,?
204p_0018.jpg,bf75a761:d27ccabd:d7186277:88c2d8d7:4f895f5e:61a55095:f9d6fc30:5fab147a,PhotoArt50/204.sunflower revision c5f6bc1736607862290b5e2b3cc7522e20d0499f,pending,,,?,?,?,?,?,?,?,?,?,?
204p_0019.jpg,b394d916:05bcce75:4594312b:3a3b7026:c2e9f5a2:dca2f075:616494b7:a4906ec0,PhotoArt50/204.sunflower revision c5f6bc1736607862290b5e2b3cc7522e20d0499f,pending,,,?,?,?,?,?,?,?,?,?,?
204p_0020.jpg,b7817664:e0a44c92:760f4300:8c6039f9:0f241d4e:d7f11120:1e166540:a8902bb5,PhotoArt50/204.sunflower revision c5f6bc1736607862290b5e2b3cc7522e20d0499f,pending,,,?,?,?,?,?,?,?,?,?,?
204p_0021.jpg,75484604:8b767b5c:0b3f0194:10ea3ab7:7faa8bb1:e8f52bdf:120dcab3:bbebaf30,PhotoArt50/204.sunflower revision c5f6bc1736607862290b5e2b3cc7522e20d0499f,pending,,,?,?,?,?,?,?,?,?,?,?
204p_0022.jpg,2dd6bce1:dadb46cc:d08dbd5f:c79d86cd:6c598101:bd3e1c7c:7e8e25ca:468d732a,PhotoArt50/204.sunflower revision c5f6bc1736607862290b5e2b3cc7522e20d0499f,pending,,,?,?,?,?,?,?,?,?,?,?
204p_0023.jpg,c758992c:cdcf3c00:5a2a1b99:9a15c3f4:71c8c51d:39ad29e7:3a0a8e11:84ee0785,PhotoArt50/204.sunflower revision c5f6bc1736607862290b5e2b3cc7522e20d0499f,pending,,,?,?,?,?,?,?,?,?,?,?
204p_0024.jpg,2fb173c0:488bb435:5f02cc0f:e873c6c0:b622130d:75e671bc:84e2d011:4f373e26,PhotoArt50/204.sunflower revision c5f6bc1736607862290b5e2b3cc7522e20d0499f,pending,,,?,?,?,?,?,?,?,?,?,?
204p_0025.jpg,839a8918:82ba5e71:052f9855:deaedebe:400475a0:ce51852c:41c764d1:b8ad3608,PhotoArt50/204.sunflower revision c5f6bc1736607862290b5e2b3cc7522e20d0499f,pending,,,?,?,?,?,?,?,?,?,?,?
204p_0026.jpg,510b8632:7ac3668e:254bc17a:7d09671c:82a1384b:30d85e14:5e7d274f:3d8b977d,PhotoArt50/204.sunflower revision c5f6bc1736607862290b5e2b3cc7522e20d0499f,pending,,,?,?,?,?,?,?,?,?,?,?
204p_0027.jpg,eed00ad5:1d770ac1:4913fef7:6026f86c:01b0f66a:de5fa467:88953d0a:cc359c28,PhotoArt50/204.sunflower revision c5f6bc1736607862290b5e2b3cc7522e20d0499f,pending,,,?,?,?,?,?,?,?,?,?,?
204p_0028.jpg,71fe3496:7aec8e2c:2242a3bc:a42f9754:3b048eef:5f606ac8:4ffbf744:9742d3d1,PhotoArt50/204.sunflower revision c5f6bc1736607862290b5e2b3cc7522e20d0499f,pending,,,?,?,?,?,?,?,?,?,?,?
204p_0029.jpg,e1c67bfb:98c12d74:1bf5b2c7:5bd02897:aa11ef89:7140f56e:63cbf89f:087d67b7,PhotoArt50/204.sunflower revision c5f6bc1736607862290b5e2b3cc7522e20d0499f,pending,,,?,?,?,?,?,?,?,?,?,?
204p_0030.jpg,254d83e8:99d42f71:53e2ab20:f476e4fd:bfb5ab93:c8791ada:a73e7d23:bf7610b9,PhotoArt50/204.sunflower revision c5f6bc1736607862290b5e2b3cc7522e20d0499f,pending,,,?,?,?,?,?,?,?,?,?,?
204p_0031.jpg,b946feee:86ee748a:907ac888:ce48e992:b097bf14:70fc7358:9b06073b:9bdfdf59,PhotoArt50/204.sunflower revision c5f6bc1736607862290b5e2b3cc7522e20d0499f,pending,,,?,?,?,?,?,?,?,?,?,?
204p_0032.jpg,5d672ee1:7e463252:db6d7f07:8ae8c6ec:4bdd946c:42c0f2b0:b7605722:b485ed6c,PhotoArt50/204.sunflower revision c5f6bc1736607862290b5e2b3cc7522e20d0499f,pending,,,?,?,?,?,?,?,?,?,?,?
204p_0033.jpg,749df0a5:abce3a4e:97a4602b:c048b066:d7df6504:ab8a1e41:dc8f1103:400c89d7,PhotoArt50/204.sunflower revision c5f6bc1736607862290b5e2b3cc7522e20d0499f,pending,,,?,?,?,?,?,?,?,?,?,?
204p_0034.jpg,c696763b:e630a6cb:e5714027:aeeed0a0:ac3ff64c:5feafbc5:d5d25da5:24b5aa3a,PhotoArt50/204.sunflower revision c5f6bc1736607862290b5e2b3cc7522e20d0499f,pending,,,?,?,?,?,?,?,?,?,?,?
204p_0035.jpg,27675e3f:0568d73c:58c0dc4b:a753f1d5:14d4ffe3:d14131dc:979f5368:1d03e686,PhotoArt50/204.sunflower revision c5f6bc1736607862290b5e2b3cc7522e20d0499f,pending,,,?,?,?,?,?,?,?,?,?,?
204p_0036.jpg,edf26723:3567bb90:3e7d2f2b:dad478b4:59a8cd3f:74e8f156:a39039bc:50ee1898,PhotoArt50/204.sunflower revision c5f6bc1736607862290b5e2b3cc7522e20d0499f,pending,,,?,?,?,?,?,?,?,?,?,?
204p_0037.jpg,37e98066:6531d608:781b5cf8:a4c84eed:516d3c5d:a646f11d:9489b759:0ba6e49a,PhotoArt50/204.sunflower revision c5f6bc1736607862290b5e2b3cc7522e20d0499f,pending,,,?,?,?,?,?,?,?,?,?,?
204p_0038.jpg,99d45aeb:05a0535a:7f0362d1:e3ad9a43:672de773:376c2b6b:335bfd03:d2626d32,PhotoArt50/204.sunflower revision c5f6bc1736607862290b5e2b3cc7522e20d0499f,pending,,,?,?,?,?,?,?,?,?,?,?
204p_0039.jpg,9986f166:6d1d4386:02ef879e:5b97fd25:ee789095:2faffadb:af2a4993:16a01409,PhotoArt50/204.sunflower revision c5f6bc1736607862290b5e2b3cc7522e20d0499f,pending,,,?,?,?,?,?,?,?,?,?,?
204p_0040.jpg,831c1b5f:d7056c89:c4b88c94:4e411171:1cb00405:599b7511:01a41c23:d4fb4f12,PhotoArt50/204.sunflower revision c5f6bc1736607862290b5e2b3cc7522e20d0499f,pending,,,?,?,?,?,?,?,?,?,?,?
204p_0041.jpg,edf8c004:bbbc41a9:5c4222e0:543321d7:99ab7358:565915d6:db396687:324c0ab6,PhotoArt50/204.sunflower revision c5f6bc1736607862290b5e2b3cc7522e20d0499f,pending,,,?,?,?,?,?,?,?,?,?,?
204p_0042.jpg,5efde5d1:01800307:e657463e:7b70454f:4e13d4fb:a6500b2f:4740588d:fb071103,PhotoArt50/204.sunflower revision c5f6bc1736607862290b5e2b3cc7522e20d0499f,pending,,,?,?,?,?,?,?,?,?,?,?
204p_0043.jpg,78b0c86e:326ec646:fca9749e:11bbdd6d:5c73dc76:04f56da6:a4c88e95:f4d7e84f,PhotoArt50/204.sunflower revision c5f6bc1736607862290b5e2b3cc7522e20d0499f,pending,,,?,?,?,?,?,?,?,?,?,?
204p_0044.jpg,024be782:686ff50b:867fccc4:ec0f867b:348c39fc:fdffd9be:72b88685:500f651a,PhotoArt50/204.sunflower revision c5f6bc1736607862290b5e2b3cc7522e20d0499f,pending,,,?,?,?,?,?,?,?,?,?,?
204p_0045.jpg,d305c617:43e1a4c3:3a27146d:5ba80530:b7dd2a6f:5182e334:1535343e:9603f930,PhotoArt50/204.sunflower revision c5f6bc1736607862290b5e2b3cc7522e20d0499f,pending,,,?,?,?,?,?,?,?,?,?,?
204p_0046.jpg,10437313:e4dd5f12:1efc95aa:1fc0b3b6:3498e4b1:f29bd1ce:7fdf1f21:1352bfc8,PhotoArt50/204.sunflower revision c5f6bc1736607862290b5e2b3cc7522e20d0499f,pending,,,?,?,?,?,?,?,?,?,?,?
204p_0047.jpg,e79baf77:06d9fba0:192552fb:6baab34c:2ef8d8ea:5997aca0:4a5520b6:0a53d21d,PhotoArt50/204.sunflower revision c5f6bc1736607862290b5e2b3cc7522e20d0499f,pending,,,?,?,?,?,?,?,?,?,?,?
204p_0048.jpg,75f39ce6:420fa52e:1e7b9e8f:4cd03015:99b9d23f:e3e018fc:14349cea:6c8d0136,PhotoArt50/204.sunflower revision c5f6bc1736607862290b5e2b3cc7522e20d0499f,pending,,,?,?,?,?,?,?,?,?,?,?
204p_0049.jpg,aaaed5b9:d41e0e17:87f5d3c2:8dd6a2b1:d5f50d85:9e3d38b9:d4848717:3eff9bac,PhotoArt50/204.sunflower revision c5f6bc1736607862290b5e2b3cc7522e20d0499f,pending,,,?,?,?,?,?,?,?,?,?,?
204p_0050.jpg,298d9cb2:057cd2b0:4eb9c634:914190be:c8a8d965:3273d12f:3ae3a65a:8d2424c1,PhotoArt50/204.sunflower revision c5f6bc1736607862290b5e2b3cc7522e20d0499f,pending,,,?,?,?,?,?,?,?,?,?,?
