case,iou,precision,recall,true_positive,false_positive,false_negative,true_negative
204p_0001,0.6441804332152598,0.997960372960373,0.6450296619479582,20550,42,11309,28099
204p_0002,0.7185666249093426,0.9574785855479904,0.7422529455833277,21797,968,7569,28466
204p_0003,0.7021361994380769,0.9256820319849483,0.7440805331064795,15744,1264,5415,38777
204p_0004,0.7143988385904712,0.9190152801358235,0.7623943661971831,10826,954,3374,32546
204p_0005,0.5267827375439896,0.6196836325605717,0.7784590119063911,28441,17455,8094,24010
204p_0006,0.37478877999324095,0.8118594436310396,0.41043671354552186,6654,1542,9558,51246
204p_0007,0.7327601594573689,0.961472402217191,0.7549269010328868,24631,987,7996,24586
204p_0008,0.5705419506858538,0.6941486638681273,0.7621336031250878,27119,11949,8464,19968
204p_0009,0.6917811168037198,0.8129796097347073,0.8227061714909886,48204,11089,10388,16419
204p_0010,0.655351453408331,0.7480693247126436,0.8409549767817485,16661,5611,3151,42077
204p_0011,0.8200799231746229,0.989238070326221,0.8274622573687994,26473,288,5520,35219
204p_0012,0.7674802279105366,0.9844019284888413,0.7769283746556473,45124,715,12956,8705
204p_0013,0.6668865039870496,0.9562414030261348,0.6878787878787879,11123,509,5047,50821
204p_0014,0.7259761388286334,0.7654088050314466,0.9337378810071842,13387,4103,950,41260
204p_0015,0.7420731864119114,0.909454774661204,0.801271727661465,28857,2873,7157,32813
204p_0016,0.7087572844017123,0.8720241513396446,0.7910372233550135,53149,7800,14040,12911
204p_0017,0.7747232843630509,0.9363917199776216,0.8177588953797132,38496,2615,8579,28610
204p_0018,0.28269912186103835,0.3234335066537411,0.6918001885014138,3670,7677,1635,54818
204p_0019,0.6735272032220629,0.9177712664527231,0.7167816926988739,19733,1768,7797,36102
204p_0020,0.7695402050261689,0.9946885832494688,0.7727154273801251,17791,95,5233,47081
204p_0021,0.5401367803269147,0.6168845557278971,0.8127873877819137,22272,13832,5130,26266
204p_0022,0.558426752802584,0.7696235679214403,0.6705070438601495,11756,3519,5777,37448
204p_0023,0.6670480549199085,0.8377189043556353,0.7660343270099368,9328,1807,2849,50516
204p_0024,0.806944328520157,0.9271192942079018,0.8615987879868104,29004,2280,4659,31557
204p_0025,0.5964557859294701,0.9875594155272578,0.6009713245009464,16829,212,11174,34485
204p_0026,0.7350343140585717,0.9974642692485016,0.7364103611423125,21635,55,7744,50966
204p_0027,0.7590761013118892,0.9542502951593861,0.7877440380105382,25864,1240,6969,41827
204p_0028,0.6659496346845677,0.8332443908211328,0.7683519116797535,35912,7187,10827,13874
204p_0029,0.6262983150755465,0.992376076070444,0.6293263398273032,35275,271,20777,32177
204p_0030,0.8600105255243966,0.9870566916903961,0.8698197855676374,45756,600,6848,36196
204p_0031,0.6186448757235274,0.9608257889838396,0.6346527321755411,45424,1852,26149,15375
204p_0032,0.6450608787718369,0.9950676161233423,0.6471300505586948,30463,151,16611,41875
204p_0033,0.6221075752158145,0.7820084756645691,0.7526263749845508,12179,3395,4003,46723
204p_0034,0.4399343220909262,0.7621712367095691,0.5099372874481295,16344,5100,15707,33349
204p_0035,0.7355213365188428,0.9950926035153946,0.7381990023628249,42177,208,14958,31157
204p_0036,0.7933879962936415,0.9988114889402443,0.7941377198355062,45381,54,11764,23201
204p_0037,0.5827485561696578,0.7142096049927696,0.7599611273080661,18768,7510,5928,32294
204p_0038,0.7440926853095616,0.989626050590767,0.749942308579868,48747,511,16254,20288
204p_0039,0.5809866546708652,0.6589679921085752,0.8307817659419358,19373,10026,3946,26655
204p_0040,0.8278736048702711,0.9821589785477839,0.8405135940546705,45692,830,8670,12308
204p_0041,0.6267092228268453,0.8661267384963964,0.6939283921053648,35933,5554,15849,9864
204p_0042,0.6912091199672488,0.9826737106017192,0.6997369889216546,43898,774,18837,8191
204p_0043,0.8387847917045661,0.9976199749015535,0.840466642362377,46108,110,8752,35030
204p_0044,0.43071449747998813,0.8020758571191962,0.4819373030353292,14528,3585,15617,86270
204p_0045,0.7866626302815378,0.9723632864703052,0.8046536317791737,18190,517,4416,27145
204p_0046,0.4723743155798905,0.9391390400791687,0.48729139922978176,11388,738,11982,26138
204p_0047,0.5657480149560979,0.874391273293942,0.61579440748108,26933,3869,16804,72394
204p_0048,0.7066125454288007,0.7470558882235528,0.9288373247301154,29942,10138,2294,77626
204p_0049,0.6469393761035903,0.777292576419214,0.7941404909416035,43966,12597,11397,52040
204p_0050,0.6114266025191103,0.9029947793965208,0.6544103586745704,47912,5147,25302,134839
