threshold,false_positive_rate,true_positive_rate
181,0.0,0.0
180,0.002384154938175932,0.05615640979676825
179,0.002384154938175932,0.05615640979676825
178,0.009810717832970611,0.16630249354958704
177,0.009810717832970611,0.16630249354958704
176,0.0154461743632577,0.2730894638499639
175,0.0154461743632577,0.2730894638499639
174,0.022511426152246033,0.3718678554913699
173,0.022511426152246033,0.3718678554913699
172,0.03036508369211111,0.46560165544001425
171,0.03036508369211111,0.46560165544001425
170,0.03859749494289042,0.5470908408711517
169,0.03859749494289042,0.5470908408711517
168,0.047059151860802034,0.6035917751245806
167,0.047059151860802034,0.6035917751245806
166,0.056766709143563104,0.6488822065499482
165,0.056766709143563104,0.6488822065499482
164,0.0669103315540215,0.6846325404425955
163,0.0669103315540215,0.6846325404425955
162,0.07857544749003405,0.7149598440596178
161,0.07857544749003405,0.7149598440596178
160,0.0968757304090889,0.7426800665147529
159,0.0968757304090889,0.7426800665147529
158,0.11108746669085375,0.7643571146722739
157,0.11108746669085375,0.7643571146722739
156,0.12487011488696444,0.7848708544691013
155,0.12487011488696444,0.7848708544691013
154,0.14021163361957478,0.801461322015705
153,0.14021163361957478,0.801461322015705
152,0.15791687452437753,0.8166898413195718
151,0.15791687452437753,0.8166898413195718
150,0.175450679538977,0.8281512010176391
149,0.175450679538977,0.8281512010176391
148,0.1881035452842422,0.8381461784970443
147,0.1881035452842422,0.8381461784970443
146,0.1996605170685858,0.8477105004056237
145,0.1996605170685858,0.8477105004056237
144,0.210294027502503,0.8546494382905557
143,0.210294027502503,0.8546494382905557
142,0.2193377690708723,0.8611157316865065
141,0.2193377690708723,0.8611157316865065
140,0.22788913081505308,0.8670264793960917
139,0.22788913081505308,0.8670264793960917
138,0.23780450427867103,0.872538870702663
137,0.23780450427867103,0.872538870702663
136,0.24501727067085755,0.8766209471946289
135,0.24501727067085755,0.8766209471946289
134,0.2525539711579049,0.8807611621886562
133,0.2525539711579049,0.8807611621886562
132,0.2586399452601216,0.8841165074048534
131,0.2586399452601216,0.8841165074048534
130,0.2640979855784541,0.8872236873483621
129,0.2640979855784541,0.8872236873483621
128,0.2693990424508156,0.889135798082829
127,0.2693990424508156,0.889135798082829
126,0.2732134910078387,0.8906490140948186
125,0.2732134910078387,0.8906490140948186
124,0.27721482461958924,0.8920621026865909
123,0.27721482461958924,0.8920621026865909
122,0.2799737463875119,0.892912647438972
121,0.2799737463875119,0.892912647438972
120,0.2830750415756952,0.8937901081645299
119,0.2830750415756952,0.8937901081645299
118,0.285973504184481,0.8947526233653257
117,0.285973504184481,0.8947526233653257
116,0.28798388901320204,0.8951547480045843
115,0.28798388901320204,0.8951547480045843
114,0.28964592009991125,0.8956483869526435
113,0.28964592009991125,0.8956483869526435
112,0.29155264601827685,0.8958777110441083
111,0.29155264601827685,0.8958777110441083
110,0.293148893565722,0.8966281283762724
109,0.293148893565722,0.8966281283762724
108,0.2944939675996135,0.8968439944811488
107,0.2944939675996135,0.8968439944811488
106,0.2955933500815566,0.896986649138985
105,0.2955933500815566,0.896986649138985
104,0.29715570913907785,0.8972531172734335
103,0.29715570913907785,0.8972531172734335
102,0.29846938648377513,0.8973995401675142
101,0.29846938648377513,0.8973995401675142
100,0.2995852148505343,0.8975260452414443
99,0.2995852148505343,0.8975260452414443
98,0.3013972523411714,0.8977149953731443
97,0.3013972523411714,0.8977149953731443
96,0.3028340246419158,0.8978102779181895
95,0.3028340246419158,0.8978102779181895
94,0.30401214802691745,0.8979260166028489
93,0.30401214802691745,0.8979260166028489
92,0.30563829718311897,0.8980261440230659
91,0.30563829718311897,0.8980261440230659
90,0.3067994763231586,0.898103123706351
89,0.3067994763231586,0.898103123706351
88,0.30827013711382695,0.8982204773494011
87,0.30827013711382695,0.8982204773494011
86,0.3094397883763476,0.8982759242541449
85,0.3094397883763476,0.8982759242541449
84,0.31074748539929364,0.8983814348689972
83,0.31074748539929364,0.8983814348689972
82,0.3121000348353742,0.8984664893442353
81,0.3121000348353742,0.8984664893442353
80,0.3133559024031425,0.8985423923885935
79,0.3133559024031425,0.8985423923885935
78,0.31434415057254106,0.8986053757658268
77,0.31434415057254106,0.8986053757658268
76,0.3156324115497954,0.8986931218383825
75,0.3156324115497954,0.8986931218383825
74,0.3166595318105773,0.8987701015216676
73,0.3166595318105773,0.8987701015216676
72,0.3170701805708317,0.8987970174948442
71,0.3170701805708317,0.8987970174948442
70,0.3191019948858282,0.8989052197070142
69,0.3191019948858282,0.8989052197070142
68,0.31968657133701556,0.8989536684587321
67,0.31968657133701556,0.8989536684587321
66,0.3207570489304942,0.8990247266279184
65,0.3207570489304942,0.8990247266279184
64,0.3216177169025322,0.8991027829501306
63,0.3216177169025322,0.8991027829501306
62,0.32297126305890467,0.8991953738978582
61,0.32297126305890467,0.8991953738978582
60,0.3240128357639188,0.8992804283730963
59,0.3240128357639188,0.8992804283730963
58,0.3249103823867564,0.8993681744456521
57,0.3249103823867564,0.8993681744456521
56,0.32610495165657405,0.8994607653933796
55,0.32610495165657405,0.8994607653933796
54,0.32700947532145475,0.8995425899518366
53,0.32700947532145475,0.8995425899518366
52,0.3281153364852951,0.8996400257747359
51,0.3281153364852951,0.8996400257747359
50,0.3294399777532031,0.8997293868056823
49,0.3294399777532031,0.8997293868056823
48,0.3305837142881349,0.8998316675037534
47,0.3305837142881349,0.8998316675037534
46,0.331898388353124,0.8999592492166106
45,0.331898388353124,0.8999592492166106
44,0.33288414472179295,0.9000480719280934
43,0.33288414472179295,0.9000480719280934
42,0.33447142178661116,0.9002257173510592
41,0.33447142178661116,0.9002257173510592
40,0.3363313018512584,0.9004286637888108
39,0.3363313018512584,0.9004286637888108
38,0.33800878210249174,0.9006429149352967
37,0.33800878210249174,0.9006429149352967
36,0.3397356000081731,0.9009179961811618
35,0.3397356000081731,0.9009179961811618
34,0.3432654849218646,0.9013195825009569
33,0.3432654849218646,0.9013195825009569
32,0.3508699623887598,0.9017841521979852
31,0.3508699623887598,0.9017841521979852
30,0.35481647638445696,0.9024032195810475
29,0.35481647638445696,0.9024032195810475
28,0.36486640708747864,0.9031902426367318
27,0.36486640708747864,0.9031902426367318
26,0.38228160238734443,0.9042232776872504
25,0.38228160238734443,0.9042232776872504
24,0.4015267761431011,0.9052988399753881
23,0.4015267761431011,0.9052988399753881
22,0.4221509124226732,0.9062995758580947
21,0.4221509124226732,0.9062995758580947
20,0.44100886034503467,0.9072044908762926
19,0.44100886034503467,0.9072044908762926
18,0.46060487964353297,0.9079387586245508
17,0.46060487964353297,0.9079387586245508
16,0.467093030383523,0.908550827854587
15,0.467093030383523,0.908550827854587
14,0.47341024359345574,0.9091133716939783
13,0.47341024359345574,0.9091133716939783
12,0.48110492424676604,0.9097055231038639
11,0.48110492424676604,0.9097055231038639
10,0.4902827246943931,0.9104241795876796
9,0.4902827246943931,0.9104241795876796
8,0.5012780445942626,0.9114356818596568
7,0.5012780445942626,0.9114356818596568
6,0.532551140472276,0.9128982958420743
5,0.532551140472276,0.9128982958420743
4,0.5593693950057337,0.914406666978892
3,0.5593693950057337,0.914406666978892
2,0.569620164847569,0.9156593363705318
1,0.569620164847569,0.9156593363705318
0,0.5710698945121079,0.9161217527897061
-1,1.0,1.0
