score,positive_pixels,negative_pixels
-1,155815,860683
0,859,2909
1,0,0
2,2327,20569
3,0,0
4,2802,53813
5,0,0
6,2717,62752
7,0,0
8,1879,22063
9,0,0
10,1335,18416
11,0,0
12,1100,15440
13,0,0
14,1045,12676
15,0,0
16,1137,13019
17,0,0
18,1364,39321
19,0,0
20,1681,37840
21,0,0
22,1859,41384
23,0,0
24,1998,38617
25,0,0
26,1919,34945
27,0,0
28,1462,20166
29,0,0
30,1150,7919
31,0,0
32,863,15259
33,0,0
34,746,7083
35,0,0
36,511,3465
37,0,0
38,398,3366
39,0,0
40,377,3732
41,0,0
42,330,3185
43,0,0
44,165,1978
45,0,0
46,237,2638
47,0,0
48,190,2295
49,0,0
50,166,2658
51,0,0
52,181,2219
53,0,0
54,152,1815
55,0,0
56,172,2397
57,0,0
58,163,1801
59,0,0
60,158,2090
61,0,0
62,172,2716
63,0,0
64,145,1727
65,0,0
66,132,2148
67,0,0
68,90,1173
69,0,0
70,201,4077
71,0,0
72,50,824
73,0,0
74,143,2061
75,0,0
76,163,2585
77,0,0
78,117,1983
79,0,0
80,141,2520
81,0,0
82,158,2714
83,0,0
84,196,2624
85,0,0
86,103,2347
87,0,0
88,218,2951
89,0,0
90,143,2330
91,0,0
92,186,3263
93,0,0
94,215,2364
95,0,0
96,177,2883
97,0,0
98,351,3636
99,0,0
100,235,2239
101,0,0
102,272,2636
103,0,0
104,495,3135
105,0,0
106,265,2206
107,0,0
108,401,2699
109,0,0
110,1394,3203
111,0,0
112,426,3826
113,0,0
114,917,3335
115,0,0
116,747,4034
117,0,0
118,1788,5816
119,0,0
120,1630,6223
121,0,0
122,1580,5536
123,0,0
124,2625,8029
125,0,0
126,2811,7654
127,0,0
128,3552,10637
129,0,0
130,5772,10952
131,0,0
132,6233,12212
133,0,0
134,7691,15123
135,0,0
136,7583,14473
137,0,0
138,10240,19896
139,0,0
140,10980,17159
141,0,0
142,12012,18147
143,0,0
144,12890,21337
145,0,0
146,17767,23190
147,0,0
148,18567,25389
149,0,0
150,21291,35183
151,0,0
152,28289,35527
153,0,0
154,30819,30784
155,0,0
156,38107,27656
157,0,0
158,40268,28517
159,0,0
160,51494,36721
161,0,0
162,56337,23407
163,0,0
164,66411,20354
165,0,0
166,84133,19479
167,0,0
168,104958,16979
169,0,0
170,151377,16519
171,0,0
172,174123,15759
173,0,0
174,183494,14177
175,0,0
176,198371,11308
177,0,0
178,204611,14902
179,0,0
180,104318,4784
