case,image_sha256,truth_sha256,prediction_sha256
204p_0001,6d284bf1:754df7ce:5565f4d9:009a92ed:fc21a6f5:7b623e3b:c3bbe2af:5f483ed6,27198aba:19dffebf:d1071b51:3b333cde:d92c8f93:079ff5e7:f8e909f8:b391093e,725cccf0:0cc02845:46bb7c67:fecd9358:373c7e93:9ae3fc21:08df91f2:6a43b2b2
204p_0002,c7f5aea0:313ce33e:a2c03aed:97af9040:f2881a3b:a4aefa07:f88f0f9c:52193de5,b683ef62:d35044c8:dd4fc37c:83e99a8e:f5b11d4e:49e4e66d:0b71512e:73d4cda8,bb1aa5c9:e2ca92df:a2d84997:424e9d2c:a5a45555:920353d3:e260c8fd:4b0a4384
204p_0003,70ea5cee:3607de8b:2b2cc5ba:25f92248:f6722fe0:47ce56c2:d538fd54:2fd059ce,8523ad3d:743f29ab:2f581bbf:5ef3c81a:22ad9bf0:7e946385:980e386c:7befcbeb,e677c9eb:2a61b7f6:c8b87b59:13b0cef7:f040c771:b8254d2a:e8e2fba7:8d511d6d
204p_0004,0ff64ab2:2768b5dd:cd040f50:428211c6:54d48231:60c4ac4a:dd5ec137:7cfe8a06,edc08306:7cdb2fea:fa8de8f7:40daf49a:2bf84e5f:e08c3cf6:1a0ff811:e9609c84,b533e6dc:e9b8736d:f48bb2d8:c41e4b4a:3bfbe33c:bcb428dd:eb44c147:fb2c1374
204p_0005,78e47d22:69094b22:07c3e59c:21fe709c:8f44b9e8:ae0d1102:6281f5d6:878282f8,264557cc:56642bc0:e33fa704:47382e37:aae23514:7e4f61db:7a30e494:c811a42c,6d8cafb4:823b1c08:d7750a24:3e92f85b:1e4fbafb:7c155e6d:ddad9f30:75e91a20
204p_0006,7e902ac4:012ef1ac:88803086:58a4326e:d7075d02:933c88d1:58b25337:bde44e75,7d884b50:50185c9b:3ad0a591:37a04db5:b07ac22c:3205295d:3bcb79f4:ba2f03e1,df3b63c8:e6b3e0ac:9ef3f841:1f9af3e3:07ada841:f89814c6:131e6866:6765fc80
204p_0007,51dc2883:016f2619:c9964c33:69a11703:38bad165:83dd9b67:56334735:a4c26a1b,81b5d545:6ad5aabd:2901007c:2f146a06:622f4bcb:b44af74d:00ccbaa9:c0144440,c1befe05:846dc8ff:1e3c0324:19984647:a7f0b1ae:968e2c30:788b6210:9aa502a1
204p_0008,68757265:ca9a57c9:4a04b123:cd184790:59dce7b5:6a4f653d:cb468e3d:4cdb9bee,a799043f:dc442c0e:3373726a:71b8deed:b6ffa260:621ad07f:e14a9ee3:1868adcf,8e1bbf8b:acfc6a33:93b22120:7ca0f57a:3d8a2bae:1fbdfe5e:72655639:7fc4be31
204p_0009,6f633142:b67256d4:d2f475c2:32558cfc:c2b19ead:d29e39d7:cbd5335f:90759689,cc0886f9:401159a3:2a8421bd:0ff3485d:2daeb80f:de6493a7:7f5eadca:14a853c6,7ec28ca8:f6b42c31:0ae65689:b8185c29:87832e31:3c3dc7c9:83b36ba8:ee9e281d
204p_0010,7c6c1388:fc146c8f:63c41d87:6b1bc333:1560e942:25700d8e:32e4a811:a43f2e80,f3bb3b86:5dabd614:efb709c6:c703630e:b272cea3:55285c1c:64ab9e7a:957967c3,a7109b95:ac32b767:4b522cbe:5387d96a:8c447a68:ce23015a:c24ea1e0:d28af3a4
204p_0011,99c644c0:7fdc6c1b:4a9b5e28:fef817db:64c1bf8b:f8c5c036:5b95163a:21a91e7d,385b2e43:203b8148:64fa448b:6c23b6e2:282451c8:3d8d646d:82ba31aa:0e6eefed,1dd6f22c:460162e3:345f6e31:db44779b:a30d2b94:8b490a74:d973fb80:43e70b1d
204p_0012,5573903f:b4c94ce7:b0b22d6c:38f997c7:01f9a327:2ef06cb9:b64760da:ac5a7582,b8539e52:e59fcd7e:1d626e01:42740540:9621d841:4933e75a:210c1e35:dc2c3bcc,ef5bf5f6:146eecd3:34c8f2d4:2a2515cd:57df951c:d8a70966:a13c29b3:db657363
204p_0013,ec3645ef:06003ece:bcb28eb2:ee9d30d4:58dbe2ea:52e0fee7:5c15752d:f3ee688e,3edebaba:222aa8be:ad62c491:31c19a71:290695b8:6f3530e3:07366488:18383460,87d37645:85ffb8e4:ac48883a:b83c756e:bce360e6:8e006d1b:4165b1be:d15eaf85
204p_0014,a59b1d2d:89752a35:2c6f042a:681fa7a2:9e255a7e:7b68c7f1:ddf90806:2963927c,6d90ed79:37955221:f09d8397:a4db01b3:da196ea7:31adbef3:23ff2307:d8779162,a2614b99:654ec5b7:b67221cb:5e7ec8fe:3336bd9d:48f9a1a4:9b60854a:58b5f049
204p_0015,bbf5b222:0912eab3:700258c8:cc43e444:9d91478b:6c3fb6b5:8962f0a1:e83b2700,808f6be3:b6879fa7:728707ce:b6e39ff1:4d7bbcb9:d4339578:b9acd446:490f58b0,78443938:3a16d193:60f49fb8:73d00c7b:88e70e76:8c94abd0:f5240e83:3bcf803c
204p_0016,3e01c1b2:33b008eb:cba6edc4:e35853df:b4b63647:e942f163:d79573c6:24003232,2e6fce34:d712ca6a:e16898ff:efed0e4c:b32cb466:a7ca5c83:a4e1ee0f:3bad4341,1674d3cb:3f126601:54cd98ef:c59d10ad:c3d0f23f:3f59189f:8c13fd4c:5ad881fe
204p_0017,0d0c3b23:4f035a3e:1ebdc50d:cef3a547:1cb24efa:4d4362de:f461cda0:176593a3,8e31c7b1:67c09161:bd19b6fb:e3b9a3c4:6a5c7365:e5e1be12:6f2a9ccc:26faa104,4419a272:9dd87eb3:e30abfe1:2443faca:f41e1458:743c87e4:906e147d:b182bb14
204p_0018,bf75a761:d27ccabd:d7186277:88c2d8d7:4f895f5e:61a55095:f9d6fc30:5fab147a,a05f809a:3ea6edfc:3219df6a:e231b142:8d455d4c:0a19a302:dbd40765:5699305e,2fcad16a:2d310b67:a46ba111:295ed656:0cb1ffc9:e1e7ab71:3e852fbd:fa5eccf6
204p_0019,b394d916:05bcce75:4594312b:3a3b7026:c2e9f5a2:dca2f075:616494b7:a4906ec0,1b4a6e5b:3ab40eb9:ecaea9df:5f2082a9:653d9f42:fdc3810f:d4d184f9:1883e17a,6c91fab7:f0a9ffed:a5962f40:d88c035e:74f241b5:18b1c751:cda49b90:7b8e97e3
204p_0020,b7817664:e0a44c92:760f4300:8c6039f9:0f241d4e:d7f11120:1e166540:a8902bb5,e2c1b09b:68da6193:8382e1f0:5b3a0119:36b94e4b:38faca55:9e477b1d:4e6240b3,c4517af0:7d4bef0f:1039955d:2bfebb0c:b15594cf:344fab7b:56be65ac:2fad478e
204p_0021,75484604:8b767b5c:0b3f0194:10ea3ab7:7faa8bb1:e8f52bdf:120dcab3:bbebaf30,67bedd28:aac41aed:5e2ba5fb:90b210ba:683b8ffb:d9337807:fcbae826:7e77836a,3151c1ae:3efc53e7:eff3ad70:3b6ded92:0cb2eb43:2eb1ad9e:f6f253b3:681516d7
204p_0022,2dd6bce1:dadb46cc:d08dbd5f:c79d86cd:6c598101:bd3e1c7c:7e8e25ca:468d732a,5778c652:dddbce43:d5de2fcf:82dceac9:b589c737:03ed86de:58e2c18d:be959de7,c7b7d054:0fdc588d:551c630d:fa030d56:de6e8577:5b5fbc30:1c86508f:b42d1e4c
204p_0023,c758992c:cdcf3c00:5a2a1b99:9a15c3f4:71c8c51d:39ad29e7:3a0a8e11:84ee0785,8b2b3e6d:6c0ad98d:049fa6a5:730121b4:4588f41a:1b3207f4:ee66154e:69287ae2,8d3f313f:9483d1f6:5cb20fb2:e3d4a0d4:2eafb4ce:1037e8cb:3460167a:a1db3757
204p_0024,2fb173c0:488bb435:5f02cc0f:e873c6c0:b622130d:75e671bc:84e2d011:4f373e26,af7775c5:caad4521:7a796458:aed59f84:24382a48:aafa0e07:9db2c7d7:93339bb6,2d162620:543c1b31:9f995b2d:80a497f7:02c3d90d:852faa46:659d6fe7:71599421
204p_0025,839a8918:82ba5e71:052f9855:deaedebe:400475a0:ce51852c:41c764d1:b8ad3608,6af82619:2f2ce35c:865ff8c1:d42cbacb:923811ba:3d45e52e:4e5cde8f:59660b01,d9c6e7f4:eccd73dd:87ef49c1:3a1d0e70:3363d467:9d04829e:ce153f97:c4aecf6b
204p_0026,510b8632:7ac3668e:254bc17a:7d09671c:82a1384b:30d85e14:5e7d274f:3d8b977d,4c54c606:cfbbd304:b5b211b9:ebd0644f:36e8933c:5cf7e0f7:c306e595:531c66f3,a29795b4:d521e4e7:aa8b4062:290ca31d:ad07a56a:5cdebd7c:fd2e58a0:f89427c0
204p_0027,eed00ad5:1d770ac1:4913fef7:6026f86c:01b0f66a:de5fa467:88953d0a:cc359c28,9c95f8f4:b6c5b17b:db1f82fb:ab134a38:8bb81c00:438a2926:5a1bb26a:fde0358f,add4b5d4:7cb63785:08846a73:79f2f92c:07fa3b75:62be73f2:d8d313a3:a74978f4
204p_0028,71fe3496:7aec8e2c:2242a3bc:a42f9754:3b048eef:5f606ac8:4ffbf744:9742d3d1,069fdec0:317daea5:09704772:49c92a40:ae8083ae:b82e0fd7:4507a622:1523f84e,617ed7e5:984aba77:78255df6:40712d7b:99b4a1e8:d5d32975:72bc24df:08a37185
204p_0029,e1c67bfb:98c12d74:1bf5b2c7:5bd02897:aa11ef89:7140f56e:63cbf89f:087d67b7,63e94475:b70be53c:7b30b5ef:f451252f:df8b12b3:59dcaf73:a9f8a963:7838279d,b74b4c28:556807ed:39e54f99:3fc84ab7:ec63ca13:1cb6deb6:aef36d47:9d9c024b
204p_0030,254d83e8:99d42f71:53e2ab20:f476e4fd:bfb5ab93:c8791ada:a73e7d23:bf7610b9,a083cc19:6879d3fc:02a697e4:6ab2b583:b81e47c9:68ce7ba0:55ff1858:aa61c931,043dcbcc:0b3c4c36:fff8179b:40ae8e5a:edf6ea6e:095bec18:f43298fb:a4cab6ed
204p_0031,b946feee:86ee748a:907ac888:ce48e992:b097bf14:70fc7358:9b06073b:9bdfdf59,172f7ce9:301c2b2f:b20bcfb7:39b9e489:a9c4bd15:56ff62c8:9d5bf7e0:8daa6224,aec4acd6:f24c2662:eff7b020:40fdef80:c27d3236:66f17ae3:00fae39a:16934cb4
204p_0032,5d672ee1:7e463252:db6d7f07:8ae8c6ec:4bdd946c:42c0f2b0:b7605722:b485ed6c,5319d37c:1ae253f6:4f59c88f:8dcc8098:5ad75093:6cebcd27:b7a81f77:4caef68a,df7bb27f:31aa2520:5854a7be:8e65791f:172a0f5b:0ee0bb98:7168b658:b7ce5c70
204p_0033,749df0a5:abce3a4e:97a4602b:c048b066:d7df6504:ab8a1e41:dc8f1103:400c89d7,a7e5cfb5:f56875d9:d4c56098:154b2013:86d9e12d:c0ec6284:a8db325e:dcf755cd,fe6426e5:bd153a6e:a2571b56:7755f262:7cbbdfaf:daeaa8bf:6ed4d1f7:83dc7f5f
204p_0034,c696763b:e630a6cb:e5714027:aeeed0a0:ac3ff64c:5feafbc5:d5d25da5:24b5aa3a,14d27d5f:a212803f:a525171c:fb8e9011:8303b5f5:d5826520:23f66a6c:695b74f4,5fd79da3:28f0c6b5:f0a39652:02ea9a87:baec8c14:2a848459:e9a572a0:5dd327ba
204p_0035,27675e3f:0568d73c:58c0dc4b:a753f1d5:14d4ffe3:d14131dc:979f5368:1d03e686,3744c64b:f341f42e:7fa0735d:bdf82567:ef7866c6:58456a6c:a5e86ef5:427f418c,2b6af4d4:75766c86:ca7e3610:6b9326d9:96dde419:8782b4d5:a9d0a262:e7096cf8
204p_0036,edf26723:3567bb90:3e7d2f2b:dad478b4:59a8cd3f:74e8f156:a39039bc:50ee1898,e49e2388:42089ca1:168a6af6:516809aa:75b0b8a7:6460f38f:e0f064c0:bc5db0a3,8270d180:fe8b97a5:cf519669:76f39282:3d719364:f5de07b9:5f1b83fb:904f13b0
204p_0037,37e98066:6531d608:781b5cf8:a4c84eed:516d3c5d:a646f11d:9489b759:0ba6e49a,6e82ac37:875d7b71:7a2354e3:c2bbbffb:c17f3e20:d66c48a9:388a7786:3f42f188,10058732:04ef0c9b:442eac7a:f7fef344:156dea11:c965e555:5d6f841a:c404e469
204p_0038,99d45aeb:05a0535a:7f0362d1:e3ad9a43:672de773:376c2b6b:335bfd03:d2626d32,826a8dee:c43e6fc8:5807a6d8:7d8028d4:0f81b355:d6259d0e:2e48b125:0d1bf6ca,2372c140:12f82b4a:6d1f88cb:19054e75:4960f605:69046653:4e038a6e:c476ec43
204p_0039,9986f166:6d1d4386:02ef879e:5b97fd25:ee789095:2faffadb:af2a4993:16a01409,306363b2:4eb31301:cf6a4ba8:d23d707c:7150f78b:cd2cc727:42280c9d:b33ceb53,b07e0dae:8cb51411:5d79ad6e:a044530e:ec33f54f:f88787c9:4a919601:c87261d9
204p_0040,831c1b5f:d7056c89:c4b88c94:4e411171:1cb00405:599b7511:01a41c23:d4fb4f12,9596ebc4:720b48d5:cb066999:25cc17e2:391edba8:2d99c0d9:5dedff01:9b20ea6d,8c81626b:a3298f7c:8b54a0ed:21ed5ef5:4d12d0bd:a8f1125d:f1880c6e:e8a59b29
204p_0041,edf8c004:bbbc41a9:5c4222e0:543321d7:99ab7358:565915d6:db396687:324c0ab6,64f49cd4:7ab54f4f:5a3d9f4b:e88e10f9:c45a5e45:726b0ee6:da076acb:08d9c612,e89ee918:3b259653:3ad0a6af:0778e101:593f73ba:5fbbb5c2:f01f6a19:633a0af9
204p_0042,5efde5d1:01800307:e657463e:7b70454f:4e13d4fb:a6500b2f:4740588d:fb071103,46bb78bf:6868bf31:79b0073c:caa0a315:d773eefa:08b0dbab:56153e1b:f4abc93e,5dc7838a:648d33f2:31db6ab3:4122b61d:353db171:d173e18d:49d60902:45fe766e
204p_0043,78b0c86e:326ec646:fca9749e:11bbdd6d:5c73dc76:04f56da6:a4c88e95:f4d7e84f,e0117cc0:ef35d456:60df93aa:c695873f:4ad3809e:83a4ba3d:f0bd5fa1:82de6aa5,025f5215:429eee6e:df675b66:4578be90:fa7b0879:6ba9e17e:9ee9bdeb:b56a53f6
204p_0044,024be782:686ff50b:867fccc4:ec0f867b:348c39fc:fdffd9be:72b88685:500f651a,c889e9c0:04730c22:8dddc64f:be3448ca:d200abc9:d954755a:6748c190:b32cde8a,4d9e5b4a:86eb6586:db24d09a:10621459:0a45bb9e:42a0fef9:0c603547:29a3a26f
204p_0045,d305c617:43e1a4c3:3a27146d:5ba80530:b7dd2a6f:5182e334:1535343e:9603f930,eca7f519:cd72f356:37a86517:6369d4c2:8e47f6fd:38be7206:2d20a454:cbd0bb6f,cb48f816:e17948d7:b30545cd:18a8910b:0a1d5196:423ef73f:f10fb0e1:df3dd81f
204p_0046,10437313:e4dd5f12:1efc95aa:1fc0b3b6:3498e4b1:f29bd1ce:7fdf1f21:1352bfc8,ea83c865:db072369:5172fcff:e32e5095:b1c8ac45:89a5ef43:835aa295:77a96196,7eeca6c1:3a7580c5:6f0e58e5:466d085f:d8dc7606:3893b7f8:8958d994:0e97d653
204p_0047,e79baf77:06d9fba0:192552fb:6baab34c:2ef8d8ea:5997aca0:4a5520b6:0a53d21d,230598dd:ba074b14:110a9a33:347c2b97:d71ca56d:98549382:3bf12bc7:a143afe0,9818f688:55bd7307:9ccade5c:749b5a77:f4d57466:8c41fe69:bc04a720:7a4f7fec
204p_0048,75f39ce6:420fa52e:1e7b9e8f:4cd03015:99b9d23f:e3e018fc:14349cea:6c8d0136,fc99ea02:b3f7f22d:80d76a85:9005bfd2:99fb1320:2526eb34:1fcf67b6:c22b7489,d7f8a006:73fd0cfe:40198dd2:e56c25f9:fc615ce3:fcc84c48:7bfc8183:23048be8
204p_0049,aaaed5b9:d41e0e17:87f5d3c2:8dd6a2b1:d5f50d85:9e3d38b9:d4848717:3eff9bac,90fa8e4b:e7acd948:25a324f1:53b56a57:ddffae49:84ad3f9e:d4918c22:e60d3f51,5d3c6843:7294b33a:539b3118:f5444d07:42d1a7f2:a4ac0227:843e5366:73989dc4
204p_0050,298d9cb2:057cd2b0:4eb9c634:914190be:c8a8d965:3273d12f:3ae3a65a:8d2424c1,5d438473:af1ab5d1:1e6d802a:a73417d6:2cd74152:c3527abd:b625a956:2718d2b4,97d42415:8c652376:6604a0e3:80b0ddb7:072497ff:b8fc8d6b:1c41c960:6feb0242
