endpoint,trial,position,status_code,response_bytes,latency_s
POST /api/img2img,1,1,200,68,0.01069912500679493
GET /api/assets,1,2,200,301,0.0023880419321358204
POST /api/pipeline/blur-region,1,3,200,8185,0.0031579999485984445
POST /api/pipeline/find-objects,1,4,200,25,0.0028574579628184438
POST /api/pipeline/palette/extract,1,5,200,43,0.010095749981701374
GET /api/assets,2,1,200,301,0.0021327079739421606
POST /api/pipeline/blur-region,2,2,200,8185,0.003010709071531892
POST /api/pipeline/find-objects,2,3,200,25,0.0027135839918628335
POST /api/pipeline/palette/extract,2,4,200,43,0.00923962495289743
POST /api/img2img,2,5,200,68,0.010004207957535982
POST /api/pipeline/blur-region,3,1,200,8185,0.003076166962273419
POST /api/pipeline/find-objects,3,2,200,25,0.004483208060264587
POST /api/pipeline/palette/extract,3,3,200,43,0.009566084016114473
POST /api/img2img,3,4,200,68,0.009686792036518455
GET /api/assets,3,5,200,557,0.00221445900388062
POST /api/pipeline/find-objects,4,1,200,25,0.0027897499967366457
POST /api/pipeline/palette/extract,4,2,200,43,0.009618459036573768
POST /api/img2img,4,3,200,68,0.010039832908660173
GET /api/assets,4,4,200,685,0.0021355419885367155
POST /api/pipeline/blur-region,4,5,200,8185,0.0033058749977499247
POST /api/pipeline/palette/extract,5,1,200,43,0.010014832951128483
POST /api/img2img,5,2,200,68,0.009966833051294088
GET /api/assets,5,3,200,813,0.002210874925367534
POST /api/pipeline/blur-region,5,4,200,8185,0.003183417022228241
POST /api/pipeline/find-objects,5,5,200,25,0.0030215830774977803
POST /api/img2img,6,1,200,68,0.010103499982506037
GET /api/assets,6,2,200,941,0.0023877500789240003
POST /api/pipeline/blur-region,6,3,200,8185,0.003063166979700327
POST /api/pipeline/find-objects,6,4,200,25,0.0027216250309720635
POST /api/pipeline/palette/extract,6,5,200,43,0.010084875044412911
GET /api/assets,7,1,200,941,0.0023169160122051835
POST /api/pipeline/blur-region,7,2,200,8185,0.003470625029876828
POST /api/pipeline/find-objects,7,3,200,25,0.002759000053629279
POST /api/pipeline/palette/extract,7,4,200,43,0.009639750001952052
POST /api/img2img,7,5,200,68,0.010256791952997446
POST /api/pipeline/blur-region,8,1,200,8185,0.0034162079682573676
POST /api/pipeline/find-objects,8,2,200,25,0.0032785830553621054
POST /api/pipeline/palette/extract,8,3,200,43,0.00926750001963228
POST /api/img2img,8,4,200,68,0.009928999934345484
GET /api/assets,8,5,200,1197,0.0024298749631270766
POST /api/pipeline/find-objects,9,1,200,25,0.0028193340403959155
POST /api/pipeline/palette/extract,9,2,200,43,0.009271917049773037
POST /api/img2img,9,3,200,70,0.010011957958340645
GET /api/assets,9,4,200,1328,0.0022879160242155194
POST /api/pipeline/blur-region,9,5,200,8185,0.003075334010645747
POST /api/pipeline/palette/extract,10,1,200,43,0.009358834009617567
POST /api/img2img,10,2,200,70,0.01038020895794034
GET /api/assets,10,3,200,1458,0.0023343750508502126
POST /api/pipeline/blur-region,10,4,200,8185,0.002937291981652379
POST /api/pipeline/find-objects,10,5,200,25,0.0027752909809350967
