mode,steps,trial,position,retries,latency_s
single,10,1,1,0,1.3292524999997113
single,20,1,2,0,2.3484871000109706
single,30,1,3,0,3.3330744999984745
single,40,1,4,0,4.326718500000425
single,50,1,5,0,5.3224411999981385
single,20,2,1,0,2.3591321999847423
single,30,2,2,0,3.3404735999938566
single,40,2,3,0,4.341220299975248
single,50,2,4,0,5.3798715000157245
single,10,2,5,0,1.3762434999807738
single,30,3,1,0,3.3187123000097927
single,40,3,2,0,4.395107899996219
single,50,3,3,0,5.334485200000927
single,10,3,4,0,1.3343414000119083
single,20,3,5,0,2.3580440999940038
single,40,4,1,0,4.357668699987698
single,50,4,2,0,5.389852499996778
single,10,4,3,0,1.3443009000038728
single,20,4,4,0,2.3674217999796383
single,30,4,5,0,3.3224265000026207
single,50,5,1,0,5.338003700016998
single,10,5,2,0,1.358826300012879
single,20,5,3,0,2.3945142999873497
single,30,5,4,0,3.334952000004705
single,40,5,5,0,4.349820499977795
